video_id,title,views,likes,comments,watch_time_minutes,subscribers_gained,upload_day
1,Video 1,75205,6181,3335,77806,6711,Saturday
2,Video 2,95299,12025,3576,33328,6660,Thursday
3,Video 3,98779,16189,3765,103697,6091,Saturday
4,Video 4,24351,2952,698,14204,2290,Monday
5,Video 5,33282,4669,512,25333,1246,Sunday
6,Video 6,69571,8953,1920,97806,5331,Thursday
7,Video 7,75632,10121,3666,82155,2862,Wednesday
8,Video 8,38094,7248,777,39342,3145,Saturday
9,Video 9,87460,9059,2168,93627,3444,Thursday
10,Video 10,90345,17730,3616,57947,3148,Friday
11,Video 11,38034,5686,1199,50602,916,Sunday
12,Video 12,40391,2873,440,42923,3088,Thursday
13,Video 13,65046,10290,1068,79663,1590,Sunday
14,Video 14,80349,13010,3994,87956,7181,Tuesday
15,Video 15,3587,581,155,1428,349,Sunday
16,Video 16,31837,6249,328,38262,1403,Monday
17,Video 17,8170,1428,350,12206,490,Tuesday
18,Video 18,95511,12791,3206,94391,2853,Wednesday
19,Video 19,89947,10491,3230,110088,8941,Sunday
20,Video 20,51088,8389,1300,73263,4522,Sunday
21,Video 21,78658,15635,2879,48215,5194,Sunday
22,Video 22,91247,5066,2576,34227,7873,Saturday
23,Video 23,76762,4714,1019,50257,6073,Tuesday
24,Video 24,74955,7586,3722,39228,6655,Monday
25,Video 25,2437,434,95,839,115,Monday
26,Video 26,30288,4987,980,28875,1898,Wednesday
27,Video 27,6799,1088,290,6032,459,Friday
28,Video 28,23440,2044,464,30246,1106,Thursday
29,Video 29,54637,9893,999,66867,2360,Friday
30,Video 30,97350,14996,2975,124667,6405,Monday
31,Video 31,89275,12500,3185,106996,5105,Saturday
32,Video 32,40069,6097,1488,58312,1046,Wednesday
33,Video 33,5976,1035,68,1953,446,Tuesday
34,Video 34,47283,4793,632,62370,4458,Tuesday
35,Video 35,5160,1006,63,1598,141,Thursday
36,Video 36,70361,12671,3218,73785,5408,Wednesday
37,Video 37,81086,10877,3902,114896,6298,Tuesday
38,Video 38,54498,4649,2252,57507,1595,Thursday
39,Video 39,38844,5141,1725,47515,1391,Thursday
40,Video 40,89780,9516,3427,99393,2686,Friday
41,Video 41,34745,3095,486,37313,1764,Tuesday
42,Video 42,37603,6480,1671,46961,1573,Thursday
43,Video 43,87126,14276,2448,77712,4948,Wednesday
44,Video 44,94373,13712,3007,114884,2543,Friday
45,Video 45,76908,9947,1720,29988,7123,Sunday
46,Video 46,30747,2909,653,16389,1172,Friday
47,Video 47,68814,4296,2488,61981,4716,Wednesday
48,Video 48,52961,4376,1491,25659,3793,Friday
49,Video 49,65327,11553,2633,25683,2025,Friday
50,Video 50,34317,6236,1658,34559,1807,Saturday
51,Video 51,81172,12653,2809,86653,6982,Friday
52,Video 52,78110,7802,3424,58233,1924,Saturday
53,Video 53,50442,6801,1374,58580,3954,Friday
54,Video 54,18134,2072,311,12359,724,Tuesday
55,Video 55,93337,16717,4056,107950,5381,Wednesday
56,Video 56,96237,14925,2202,105710,2875,Wednesday
57,Video 57,61250,9515,2686,20874,4846,Monday
58,Video 58,34662,5433,789,28645,1722,Wednesday
59,Video 59,43510,2896,2154,22276,1149,Saturday
60,Video 60,52099,2827,2200,68326,2644,Wednesday
61,Video 61,70548,13653,898,32259,2515,Thursday
62,Video 62,36472,6792,1604,50212,2951,Friday
63,Video 63,53349,10488,2206,23635,2219,Thursday
64,Video 64,34415,4663,1422,47637,3426,Thursday
65,Video 65,33579,3182,1633,30846,1200,Saturday
66,Video 66,75708,14142,3439,22911,7108,Saturday
67,Video 67,63940,12269,653,75257,2300,Saturday
68,Video 68,85985,5259,2331,81318,6588,Monday
69,Video 69,65064,4162,2791,27420,4358,Thursday
70,Video 70,95767,14871,4565,116096,3725,Friday
71,Video 71,39453,4472,1965,50087,3653,Thursday
72,Video 72,30918,1670,1333,20125,2429,Sunday
73,Video 73,50557,3380,1891,35356,3378,Monday
74,Video 74,25674,1679,875,25028,1286,Friday
75,Video 75,24632,1370,664,29570,970,Monday
76,Video 76,64276,10869,1419,61241,2329,Sunday
77,Video 77,42302,6810,1411,51555,1418,Tuesday
78,Video 78,9806,781,397,9641,425,Wednesday
79,Video 79,2415,417,45,749,197,Wednesday
80,Video 80,85479,11675,3312,75484,7992,Monday
81,Video 81,40872,4050,1640,28377,2477,Thursday
82,Video 82,17280,1072,370,17397,1359,Sunday
83,Video 83,33391,3896,1012,30555,895,Tuesday
84,Video 84,28788,3409,850,41773,1816,Saturday
85,Video 85,80197,6414,1133,119049,4528,Tuesday
86,Video 86,78352,4062,930,93829,4725,Monday
87,Video 87,37370,4630,1659,45918,797,Thursday
88,Video 88,56474,10233,1323,62604,5448,Friday
89,Video 89,47268,8980,1942,52635,2680,Friday
90,Video 90,31791,5878,913,26505,2994,Friday
91,Video 91,43567,6160,1242,31357,3454,Friday
92,Video 92,88496,17205,4176,101385,8019,Thursday
93,Video 93,34553,2824,535,36001,2427,Saturday
94,Video 94,84268,14747,2948,57104,4492,Sunday
95,Video 95,15226,2688,386,10022,1186,Monday
96,Video 96,58009,6501,959,62239,5555,Tuesday
97,Video 97,92057,6194,1290,98218,3213,Friday
98,Video 98,99451,12023,1090,74023,9587,Tuesday
99,Video 99,51666,3470,2525,44935,3330,Sunday
100,Video 100,51101,2707,1529,41632,1323,Thursday
101,Video 101,12820,1287,445,13185,1032,Saturday
102,Video 102,11083,896,162,3570,647,Thursday
103,Video 103,47549,8557,865,48135,3823,Saturday
104,Video 104,23243,4348,307,10616,1688,Wednesday
105,Video 105,70677,10592,2882,38648,3984,Thursday
106,Video 106,13537,2463,348,7378,1310,Tuesday
107,Video 107,43702,4286,1157,60399,3154,Thursday
108,Video 108,52668,8119,1684,71218,1449,Wednesday
109,Video 109,64466,3976,1776,54401,2648,Wednesday
110,Video 110,45193,8867,592,21602,936,Monday
111,Video 111,8998,826,176,10864,472,Monday
112,Video 112,73648,11267,2576,49285,3269,Thursday
113,Video 113,59046,3626,653,59588,5640,Monday
114,Video 114,68857,3610,2070,93921,6030,Saturday
115,Video 115,43455,5544,1123,35122,972,Saturday
116,Video 116,2934,270,107,2899,75,Wednesday
117,Video 117,37135,5577,865,52392,2085,Wednesday
118,Video 118,15573,2727,646,18314,382,Tuesday
119,Video 119,1038,199,12,690,24,Tuesday
120,Video 120,20071,2639,871,25304,1388,Thursday
121,Video 121,91964,6424,2826,120007,5630,Saturday
122,Video 122,46622,2647,890,37080,2773,Monday
123,Video 123,35603,6385,1116,50691,2293,Wednesday
124,Video 124,56957,8524,1038,52568,4125,Sunday
125,Video 125,29120,3384,758,39488,2630,Thursday
126,Video 126,44788,6411,1233,30983,3893,Saturday
127,Video 127,94995,15593,1388,129977,4357,Friday
128,Video 128,30446,4488,313,30521,2445,Thursday
129,Video 129,28855,4848,493,27681,1501,Wednesday
130,Video 130,80808,4202,2954,61497,6437,Friday
131,Video 131,10704,1981,174,15859,987,Tuesday
132,Video 132,78155,8755,1309,70088,1655,Saturday
133,Video 133,14307,2550,571,6161,860,Tuesday
134,Video 134,30865,5758,363,31610,1206,Tuesday
135,Video 135,87800,10542,3135,74780,2443,Thursday
136,Video 136,12524,1203,151,15490,352,Friday
137,Video 137,56665,3632,1121,26070,3769,Friday
138,Video 138,59305,10640,1507,68890,1805,Thursday
139,Video 139,29885,5934,1037,22579,2508,Sunday
140,Video 140,66967,8056,2141,97809,1715,Tuesday
141,Video 141,26609,3234,761,17233,2063,Wednesday
142,Video 142,11660,1415,572,10058,326,Tuesday
143,Video 143,92432,13752,4333,133864,6545,Tuesday
144,Video 144,55948,4826,580,73520,2643,Tuesday
145,Video 145,18168,1797,827,8451,1795,Friday
146,Video 146,41102,5219,451,17450,2683,Thursday
147,Video 147,73645,9517,2353,31132,4652,Friday
148,Video 148,21447,2306,831,24925,845,Saturday
149,Video 149,30388,1806,1251,44662,1316,Tuesday
150,Video 150,10967,1638,447,3837,480,Tuesday
151,Video 151,2786,203,100,1664,125,Wednesday
152,Video 152,81772,11972,2586,73140,3855,Tuesday
153,Video 153,80142,9196,1845,86195,2121,Monday
154,Video 154,89396,14756,4234,132503,1791,Wednesday
155,Video 155,9247,1186,111,13372,514,Wednesday
156,Video 156,60757,4262,1416,39720,3972,Thursday
157,Video 157,30201,5402,1108,21579,1151,Wednesday
158,Video 158,53026,7949,2630,73419,2084,Monday
159,Video 159,7489,947,75,8911,719,Sunday
160,Video 160,40508,7649,1687,54737,899,Sunday
161,Video 161,71586,13374,1736,72568,4332,Monday
162,Video 162,18038,2399,549,25999,406,Thursday
163,Video 163,38629,6852,1557,35278,1201,Thursday
164,Video 164,29228,5533,1388,19856,2291,Tuesday
165,Video 165,43228,6593,869,56691,2769,Tuesday
166,Video 166,93599,6870,2656,31822,4903,Friday
167,Video 167,75437,9504,3520,42158,2780,Saturday
168,Video 168,71282,13762,2104,84441,3412,Monday
169,Video 169,10348,1957,140,4446,975,Wednesday
170,Video 170,20573,3105,417,30124,1284,Sunday
171,Video 171,40485,7056,1458,56158,2071,Monday
172,Video 172,75256,13613,3638,50154,3928,Thursday
173,Video 173,31343,5556,1545,20144,1594,Wednesday
174,Video 174,44868,2729,983,62235,2031,Tuesday
175,Video 175,1075,156,22,1006,92,Sunday
176,Video 176,60169,9415,985,86440,5867,Friday
177,Video 177,81214,10828,2355,26933,6714,Sunday
178,Video 178,44581,7848,1953,58886,3880,Wednesday
179,Video 179,70182,7684,3043,34869,3308,Monday
180,Video 180,52989,8142,1524,21981,2983,Wednesday
181,Video 181,15621,1194,247,7744,787,Sunday
182,Video 182,48018,7181,500,42007,2420,Monday
183,Video 183,6714,915,244,8271,636,Wednesday
184,Video 184,68375,12032,2779,79549,5629,Monday
185,Video 185,76147,4360,1347,79253,2517,Friday
186,Video 186,24666,3215,438,18603,1499,Thursday
187,Video 187,95317,18411,1513,71055,2430,Thursday
188,Video 188,62479,8075,948,62765,2230,Monday
189,Video 189,41882,2263,1440,21894,1810,Tuesday
190,Video 190,3015,335,86,1837,146,Friday
191,Video 191,93682,8228,4381,71068,6340,Thursday
192,Video 192,40698,3277,1063,24108,4008,Tuesday
193,Video 193,77845,5956,2208,116496,1650,Saturday
194,Video 194,42185,5187,1207,41488,2174,Sunday
195,Video 195,48312,4174,2022,24740,988,Thursday
196,Video 196,35060,4843,443,43060,1368,Wednesday
197,Video 197,14017,1988,205,8433,380,Monday
198,Video 198,40040,3785,751,17844,2793,Thursday
199,Video 199,14892,1373,651,13961,534,Thursday
200,Video 200,92990,6235,3355,89925,8043,Wednesday
201,Video 201,41113,7369,865,29804,2687,Thursday
202,Video 202,97493,19243,2722,109839,2086,Sunday
203,Video 203,42090,2925,862,35992,2041,Friday
204,Video 204,3860,470,57,1603,142,Sunday
205,Video 205,26232,3153,1020,33560,2453,Friday
206,Video 206,65930,9111,2665,59386,2412,Sunday
207,Video 207,71773,13046,1897,87539,2565,Friday
208,Video 208,18087,3104,508,22985,1334,Tuesday
209,Video 209,18481,1495,291,12401,585,Saturday
210,Video 210,43124,7963,1591,35907,1871,Wednesday
211,Video 211,85824,5016,1957,62472,8104,Tuesday
212,Video 212,76280,9719,1608,37807,4025,Wednesday
213,Video 213,42593,4722,1396,61045,2666,Sunday
214,Video 214,96594,17089,3461,109404,3349,Thursday
215,Video 215,61679,6359,2182,44143,1245,Saturday
216,Video 216,86439,5359,1576,76708,4900,Monday
217,Video 217,4872,274,177,6796,125,Friday
218,Video 218,12207,965,434,15064,905,Monday
219,Video 219,33012,6392,1288,19953,3225,Monday
220,Video 220,63029,9877,2203,58328,4206,Saturday
221,Video 221,51830,3551,576,61684,2683,Friday
222,Video 222,22741,1270,273,15799,737,Tuesday
223,Video 223,4932,268,125,3789,382,Wednesday
224,Video 224,88015,4430,2977,108851,5381,Tuesday
225,Video 225,51594,9928,1949,27994,3991,Friday
226,Video 226,22236,3855,538,9725,465,Wednesday
227,Video 227,20074,3132,556,16602,1635,Tuesday
228,Video 228,63701,4948,2633,66631,4033,Sunday
229,Video 229,79891,7747,1548,79009,5559,Tuesday
230,Video 230,97862,11549,2895,78889,7890,Saturday
231,Video 231,77705,15050,2140,72294,7599,Friday
232,Video 232,6868,775,311,9333,384,Saturday
233,Video 233,75532,14905,2019,78299,7067,Sunday
234,Video 234,62668,3589,1615,55980,1684,Tuesday
235,Video 235,52463,6146,913,47339,4470,Friday
236,Video 236,9006,1521,412,6571,793,Sunday
237,Video 237,41491,6298,1741,58194,1365,Tuesday
238,Video 238,76750,5197,2945,28095,6169,Sunday
239,Video 239,27636,2776,1142,12991,1337,Sunday
240,Video 240,26801,4195,948,37737,1621,Sunday
241,Video 241,42748,2600,2042,18702,4118,Monday
242,Video 242,84993,6911,3209,123230,5107,Friday
243,Video 243,43787,6510,2017,40918,1267,Friday
244,Video 244,37166,7205,1220,31680,1263,Saturday
245,Video 245,39034,6127,1242,33928,1816,Friday
246,Video 246,78450,6859,2706,65244,7685,Monday
247,Video 247,11206,746,251,14871,822,Saturday
248,Video 248,85969,11740,2219,35499,2906,Thursday
249,Video 249,39027,7434,519,49988,1343,Friday
250,Video 250,66909,13272,1984,63448,2483,Tuesday
251,Video 251,79867,11797,1675,109992,3361,Tuesday
252,Video 252,41764,3591,1687,30377,3483,Monday
253,Video 253,4784,683,228,1900,327,Monday
254,Video 254,23894,1961,624,24288,1369,Thursday
255,Video 255,22344,4044,909,23071,574,Sunday
256,Video 256,1412,175,46,654,76,Tuesday
257,Video 257,93699,18615,3279,95220,5661,Friday
258,Video 258,29732,5095,506,28202,2405,Monday
259,Video 259,30657,5525,1210,20590,681,Monday
260,Video 260,72644,14400,1733,88839,3184,Tuesday
261,Video 261,8448,864,417,12539,666,Thursday
262,Video 262,87037,5016,2466,40095,2988,Tuesday
263,Video 263,93308,10207,2572,85554,6260,Monday
264,Video 264,17896,2113,391,5584,940,Wednesday
265,Video 265,89073,7553,1862,47619,4960,Tuesday
266,Video 266,51006,3808,1772,43796,3021,Sunday
267,Video 267,24467,1292,417,34714,2047,Sunday
268,Video 268,5450,383,145,6468,280,Sunday
269,Video 269,50036,7463,1580,69066,2795,Tuesday
270,Video 270,29523,2873,664,11386,2635,Friday
271,Video 271,3341,223,93,2622,282,Friday
272,Video 272,71411,4770,3210,54168,5869,Thursday
273,Video 273,81827,4340,4090,35127,7302,Wednesday
274,Video 274,26521,4418,870,9157,1635,Thursday
275,Video 275,49989,3888,1649,41091,2529,Tuesday
276,Video 276,66808,8552,1070,59470,2880,Thursday
277,Video 277,44138,8362,460,47605,1043,Friday
278,Video 278,24065,3839,666,29776,2099,Saturday
279,Video 279,77437,7749,2696,113792,4446,Friday
280,Video 280,88586,11333,3824,102778,6178,Monday
281,Video 281,51538,4580,1766,18454,2516,Saturday
282,Video 282,36917,3103,1329,29851,3659,Monday
283,Video 283,40680,4708,1730,17375,3993,Thursday
284,Video 284,41494,2899,1084,16846,3132,Tuesday
285,Video 285,63061,4802,2258,38491,1782,Tuesday
286,Video 286,11225,1481,504,12523,357,Sunday
287,Video 287,34687,2311,1719,48785,1467,Monday
288,Video 288,27313,3173,1262,39994,2595,Tuesday
289,Video 289,88340,15674,3901,51525,4157,Friday
290,Video 290,95176,14558,3628,123544,2776,Monday
291,Video 291,43292,3273,2019,61748,3196,Wednesday
292,Video 292,98579,8259,1365,121697,9097,Wednesday
293,Video 293,95762,5723,4734,125423,2598,Monday
294,Video 294,15327,1815,379,5975,450,Thursday
295,Video 295,17538,2549,402,24191,1560,Thursday
296,Video 296,5516,798,236,4619,472,Wednesday
297,Video 297,68179,13458,877,42127,3051,Monday
298,Video 298,35190,3652,1481,28306,978,Friday
299,Video 299,94462,12171,1501,73350,7186,Saturday
300,Video 300,11632,2187,281,4293,886,Thursday
301,Video 301,41428,7189,461,45360,4106,Wednesday
302,Video 302,75733,13026,3054,38027,1666,Thursday
303,Video 303,41293,2819,910,16652,3277,Tuesday
304,Video 304,27489,4536,638,18095,2511,Saturday
305,Video 305,49082,3816,1881,60141,1076,Monday
306,Video 306,57536,5600,2421,42364,4182,Wednesday
307,Video 307,60383,8616,2457,39585,5426,Tuesday
308,Video 308,13438,1584,195,8678,963,Tuesday
309,Video 309,84526,8133,4221,26373,3513,Monday
310,Video 310,16975,3394,784,19979,551,Thursday
311,Video 311,20565,1273,290,27956,1654,Sunday
312,Video 312,47330,4495,509,61023,2790,Thursday
313,Video 313,17853,3418,676,9660,1109,Monday
314,Video 314,25336,1676,692,15906,808,Sunday
315,Video 315,45387,3207,1745,31714,1943,Monday
316,Video 316,36122,3393,976,41726,2078,Saturday
317,Video 317,13830,2686,144,16502,1333,Monday
318,Video 318,94716,7065,3756,32800,8406,Tuesday
319,Video 319,56333,8479,1636,40677,4245,Friday
320,Video 320,93584,18685,3678,48257,6372,Tuesday
321,Video 321,49843,2796,642,53943,1364,Saturday
322,Video 322,34678,5155,1139,25088,998,Thursday
323,Video 323,22982,3667,777,24169,2005,Tuesday
324,Video 324,55108,8745,2040,44538,1749,Monday
325,Video 325,96921,9198,2415,89411,9539,Friday
326,Video 326,22350,2266,979,8766,1118,Saturday
327,Video 327,92950,11771,1160,76328,3676,Friday
328,Video 328,22801,1770,461,30623,619,Friday
329,Video 329,77506,7615,1782,60478,5742,Thursday
330,Video 330,73106,9009,1612,88759,2998,Saturday
331,Video 331,44014,6900,925,35341,3192,Tuesday
332,Video 332,80002,7165,2403,44646,1844,Wednesday
333,Video 333,14682,847,504,4996,718,Monday
334,Video 334,96027,12441,4719,143917,3546,Friday
335,Video 335,77384,12666,1204,103525,3868,Tuesday
336,Video 336,4195,825,139,1417,288,Thursday
337,Video 337,72372,11447,2008,67930,6704,Friday
338,Video 338,77658,7390,1127,115049,5413,Friday
339,Video 339,11089,1135,274,15835,490,Friday
340,Video 340,79630,6493,2279,117348,2580,Friday
341,Video 341,30470,1735,1471,41359,712,Thursday
342,Video 342,60496,8872,2729,61115,3496,Wednesday
343,Video 343,80648,9287,3909,103423,5140,Saturday
344,Video 344,80543,11929,1629,119812,5487,Thursday
345,Video 345,50207,6699,1790,17197,2868,Saturday
346,Video 346,82622,10418,1195,120133,3071,Tuesday
347,Video 347,68085,10914,2704,92981,6433,Tuesday
348,Video 348,77415,5829,1504,28536,6657,Monday
349,Video 349,17197,2705,391,24472,1642,Friday
350,Video 350,36741,4081,1776,33413,2134,Sunday
351,Video 351,65744,5306,905,74650,1385,Saturday
352,Video 352,98764,8944,3724,106435,9691,Friday
353,Video 353,62160,4887,661,72895,2834,Thursday
354,Video 354,20486,3884,210,13113,450,Wednesday
355,Video 355,10197,1908,225,13992,972,Wednesday
356,Video 356,72885,13663,1057,36820,6076,Thursday
357,Video 357,30520,4449,488,41782,1734,Monday
358,Video 358,19377,3589,902,8148,1446,Monday
359,Video 359,97730,12635,3354,33402,2535,Tuesday
360,Video 360,72448,13174,1612,60680,1757,Thursday
361,Video 361,9231,1648,213,13129,291,Tuesday
362,Video 362,85453,6854,3376,68834,7628,Tuesday
363,Video 363,19528,1434,854,26161,924,Monday
364,Video 364,98858,18875,2158,73927,8640,Thursday
365,Video 365,67488,9701,1041,78661,2396,Tuesday
366,Video 366,9375,1029,139,2816,910,Wednesday
367,Video 367,42751,6199,1020,13535,2001,Monday
368,Video 368,91133,13210,1308,36522,4573,Friday
369,Video 369,38155,2533,1448,19098,3502,Friday
370,Video 370,29134,3315,1096,26732,2559,Friday
371,Video 371,88602,4910,3915,74941,6888,Sunday
372,Video 372,2626,229,102,2279,88,Sunday
373,Video 373,28750,5298,556,29942,1366,Monday
374,Video 374,14887,2166,725,12821,911,Monday
375,Video 375,23169,3882,575,10616,2248,Friday
376,Video 376,13276,1937,294,7667,1023,Friday
377,Video 377,75518,11392,845,32917,2950,Tuesday
378,Video 378,66731,12379,1867,84954,2575,Wednesday
379,Video 379,63476,7450,2170,36150,3272,Saturday
380,Video 380,2276,352,103,3078,190,Monday
381,Video 381,33151,2310,1236,35426,1318,Wednesday
382,Video 382,84145,13265,3556,72607,5304,Saturday
383,Video 383,83602,9478,3188,44296,4451,Sunday
384,Video 384,77444,14496,1914,47922,2194,Thursday
385,Video 385,40566,3055,1658,40668,3659,Saturday
386,Video 386,62865,9771,1173,57978,3770,Thursday
387,Video 387,94179,6530,2621,64487,2011,Monday
388,Video 388,91963,9180,921,104472,6778,Wednesday
389,Video 389,31465,2267,1091,40945,1855,Sunday
390,Video 390,75586,5010,2732,104689,3352,Sunday
391,Video 391,68144,5687,3014,89868,2456,Saturday
392,Video 392,34164,5633,1230,12721,1121,Saturday
393,Video 393,8295,1383,286,6311,532,Saturday
394,Video 394,51444,4767,848,42676,2379,Monday
395,Video 395,30375,2578,1235,30705,2222,Friday
396,Video 396,4950,779,242,5978,210,Tuesday
397,Video 397,5743,753,81,2163,165,Sunday
398,Video 398,40549,2080,1776,12898,970,Sunday
399,Video 399,99133,11794,3657,67865,7197,Sunday
400,Video 400,99448,14466,3872,90537,9907,Friday
401,Video 401,57744,10018,2555,75140,1310,Friday
402,Video 402,72935,7519,1512,41020,1652,Sunday
403,Video 403,90959,8478,4245,77833,2340,Thursday
404,Video 404,83066,8083,1141,37046,4136,Monday
405,Video 405,25218,1363,731,33149,721,Thursday
406,Video 406,91563,8988,4085,55728,7989,Monday
407,Video 407,47898,2771,1503,40005,1476,Saturday
408,Video 408,88651,10583,1365,78449,3965,Saturday
409,Video 409,1482,158,61,871,70,Thursday
410,Video 410,48191,9037,2229,26368,3203,Friday
411,Video 411,51767,7137,1084,41960,1158,Friday
412,Video 412,72739,10303,3243,107182,4712,Friday
413,Video 413,66624,12100,1056,75156,5742,Thursday
414,Video 414,20470,1297,240,22475,561,Tuesday
415,Video 415,24410,3950,900,33106,1854,Thursday
416,Video 416,62051,9493,1136,73757,4337,Sunday
417,Video 417,59836,11282,1411,49311,3445,Wednesday
418,Video 418,34894,4359,1654,29266,2256,Monday
419,Video 419,31195,2381,1275,40910,2731,Sunday
420,Video 420,43621,7166,1104,42112,3505,Friday
421,Video 421,33156,2902,1350,24439,1667,Tuesday
422,Video 422,55082,4686,2651,80331,1176,Monday
423,Video 423,66860,6623,1408,50800,6312,Friday
424,Video 424,61782,10374,2728,25174,3060,Thursday
425,Video 425,38193,3731,1000,47554,3632,Thursday
426,Video 426,31123,5979,906,31794,1496,Thursday
427,Video 427,72589,9607,1483,59803,4850,Monday
428,Video 428,52706,6424,1638,60740,2520,Friday
429,Video 429,40720,5244,577,20552,1810,Sunday
430,Video 430,75053,6919,1646,43868,5922,Saturday
431,Video 431,78906,11101,1131,94775,6969,Monday
432,Video 432,54857,5420,1125,23875,4984,Friday
433,Video 433,58405,3820,2207,33285,5636,Sunday
434,Video 434,3129,314,46,2484,97,Saturday
435,Video 435,31848,4214,379,34245,654,Monday
436,Video 436,88599,12443,3037,85813,3140,Thursday
437,Video 437,21504,3148,715,24237,459,Wednesday
438,Video 438,15824,2916,484,22702,353,Saturday
439,Video 439,994,117,42,1396,95,Friday
440,Video 440,77358,8036,3132,23294,6707,Thursday
441,Video 441,75792,4208,1917,53754,4338,Wednesday
442,Video 442,54641,6805,2683,39304,4221,Monday
443,Video 443,11621,1748,168,3846,892,Friday
444,Video 444,4791,301,70,2313,115,Friday
445,Video 445,22493,1366,720,24762,2044,Sunday
446,Video 446,11731,1590,350,16111,1158,Tuesday
447,Video 447,97232,6395,4035,76294,8423,Saturday
448,Video 448,46692,4803,1238,21313,2876,Tuesday
449,Video 449,19167,2356,193,23731,1628,Monday
450,Video 450,6216,777,241,9295,417,Sunday
451,Video 451,35662,5128,1186,46937,927,Thursday
452,Video 452,84386,10737,1787,82573,4032,Monday
453,Video 453,7600,724,120,6086,191,Tuesday
454,Video 454,33026,3598,401,18047,2665,Thursday
455,Video 455,59715,3291,2233,71163,4587,Thursday
456,Video 456,44504,7732,704,15549,4438,Thursday
457,Video 457,37374,2135,1635,15627,2654,Wednesday
458,Video 458,60087,10718,2836,75655,5572,Wednesday
459,Video 459,4775,655,154,3769,309,Thursday
460,Video 460,34356,5083,1671,16915,999,Tuesday
461,Video 461,17226,1982,294,9730,1123,Wednesday
462,Video 462,19623,3035,381,17137,1537,Thursday
463,Video 463,58727,9359,1493,55008,1778,Monday
464,Video 464,25649,4090,863,25284,1774,Tuesday
465,Video 465,365,55,15,320,33,Friday
466,Video 466,29930,3608,1046,16318,1614,Thursday
467,Video 467,97396,8171,4092,43856,4693,Tuesday
468,Video 468,48020,4493,544,21924,3919,Thursday
469,Video 469,79832,10939,2933,41611,7478,Thursday
470,Video 470,98130,11892,3665,61260,7962,Friday
471,Video 471,96881,13351,1125,80613,2364,Tuesday
472,Video 472,45178,6995,1824,24030,3822,Thursday
473,Video 473,26396,3384,960,17631,2021,Sunday
474,Video 474,15265,1265,525,6368,849,Friday
475,Video 475,99178,10592,1232,125108,6651,Tuesday
476,Video 476,55549,6785,1720,23775,3045,Thursday
477,Video 477,28810,5072,673,19389,1281,Sunday
478,Video 478,50295,4039,784,47371,2761,Wednesday
479,Video 479,1940,292,44,2613,148,Monday
480,Video 480,42146,7744,2082,56346,1089,Friday
481,Video 481,70614,13533,1010,59756,4717,Sunday
482,Video 482,19309,3331,595,6683,1496,Tuesday
483,Video 483,43455,4445,1680,26866,1706,Monday
484,Video 484,52336,9945,633,72305,1951,Thursday
485,Video 485,65152,8243,2740,26554,1437,Wednesday
486,Video 486,81425,4851,2127,103446,5427,Saturday
487,Video 487,64970,8815,1253,20363,1526,Wednesday
488,Video 488,66539,11751,863,72063,3637,Saturday
489,Video 489,58692,9758,942,39730,2050,Thursday
490,Video 490,35291,4607,1083,46076,3013,Wednesday
491,Video 491,10471,786,477,8464,327,Wednesday
492,Video 492,1095,171,16,1506,70,Wednesday
493,Video 493,16680,1556,624,6314,1483,Sunday
494,Video 494,76243,5816,2082,61616,3999,Friday
495,Video 495,95512,16205,3164,84363,4851,Wednesday
496,Video 496,72902,10731,1887,27899,6862,Wednesday
497,Video 497,22019,3046,264,26882,1363,Wednesday
498,Video 498,10495,1132,140,5754,897,Sunday
499,Video 499,63588,6760,2997,83263,3309,Monday
500,Video 500,98896,19211,4512,64908,7075,Tuesday
501,Video 501,39331,4990,779,53749,1171,Thursday
502,Video 502,10475,1532,206,8092,534,Monday
503,Video 503,79978,7237,3087,48669,6641,Wednesday
504,Video 504,52995,7120,1597,37841,5261,Sunday
505,Video 505,95612,10532,3924,90721,7124,Saturday
506,Video 506,5287,810,136,5001,491,Sunday
507,Video 507,56197,2963,2163,69397,3148,Wednesday
508,Video 508,87560,4388,4077,46024,6511,Sunday
509,Video 509,38362,2183,504,45026,904,Monday
510,Video 510,10706,1830,396,5218,651,Wednesday
511,Video 511,67577,12092,1230,98693,1798,Friday
512,Video 512,19483,1509,426,8098,862,Tuesday
513,Video 513,13388,731,509,13163,973,Thursday
514,Video 514,93619,18477,2569,40937,4420,Saturday
515,Video 515,98412,8716,1163,143151,5587,Tuesday
516,Video 516,94162,5605,3150,81656,6460,Tuesday
517,Video 517,36997,3487,1238,15624,2124,Monday
518,Video 518,12675,1635,494,15115,786,Sunday
519,Video 519,32555,4124,1056,34491,2254,Friday
520,Video 520,92965,4860,4104,32925,6833,Friday
521,Video 521,78821,4755,1848,33100,3845,Thursday
522,Video 522,96884,10978,1917,113050,3029,Tuesday
523,Video 523,81865,6691,2671,80863,2531,Sunday
524,Video 524,28041,2682,1260,41146,1044,Saturday
525,Video 525,56889,7614,1316,64092,4001,Friday
526,Video 526,47490,8133,798,17544,1108,Friday
527,Video 527,62463,7651,2200,57144,3600,Tuesday
528,Video 528,40754,7048,1976,50618,2667,Sunday
529,Video 529,84400,13345,3071,41362,4512,Thursday
530,Video 530,75028,13059,3446,35070,6958,Friday
531,Video 531,9509,1875,153,4008,550,Saturday
532,Video 532,580,99,13,450,31,Wednesday
533,Video 533,24184,2820,612,12091,2339,Wednesday
534,Video 534,89693,10947,2018,39329,6860,Tuesday
535,Video 535,91530,13187,2079,79838,2680,Tuesday
536,Video 536,84999,12002,3896,112194,2401,Saturday
537,Video 537,98515,6353,2261,81333,8519,Monday
538,Video 538,56530,9595,590,23856,5476,Monday
539,Video 539,50213,4194,2334,42480,1109,Thursday
540,Video 540,44171,8611,1245,15814,3400,Wednesday
541,Video 541,60925,5039,1064,56848,3161,Friday
542,Video 542,65157,9302,2679,76521,5674,Thursday
543,Video 543,23264,4229,828,19707,1271,Thursday
544,Video 544,61903,10418,1266,54847,5443,Wednesday
545,Video 545,41700,7867,1813,18878,2914,Wednesday
546,Video 546,78097,12539,1033,45604,2156,Thursday
547,Video 547,45905,6578,463,65826,3902,Monday
548,Video 548,57548,7988,1617,34915,3490,Saturday
549,Video 549,48463,3345,1330,41540,1522,Monday
550,Video 550,31213,5324,411,46303,1015,Tuesday
551,Video 551,91676,13980,1410,100893,6581,Saturday
552,Video 552,89476,14762,1763,33417,8084,Saturday
553,Video 553,46394,6727,603,14580,1495,Saturday
554,Video 554,49964,4632,2167,38345,2412,Friday
555,Video 555,81166,13030,3827,106213,4629,Thursday
556,Video 556,70475,10038,2290,46816,6070,Monday
557,Video 557,88007,15843,3057,64948,7793,Monday
558,Video 558,54495,8494,1016,48966,4489,Friday
559,Video 559,47784,6844,981,23494,3206,Sunday
560,Video 560,89119,10783,1552,56925,6928,Wednesday
561,Video 561,55030,10368,1586,56782,1138,Friday
562,Video 562,27792,4597,1089,9716,2536,Tuesday
563,Video 563,70427,13253,3322,37798,2654,Monday
564,Video 564,91108,7852,4120,94121,4529,Sunday
565,Video 565,63503,9560,1205,24632,5148,Monday
566,Video 566,57388,5229,729,69430,3565,Tuesday
567,Video 567,29916,2949,541,41027,1282,Monday
568,Video 568,32725,2714,1326,15062,2210,Saturday
569,Video 569,12468,1501,181,13920,975,Wednesday
570,Video 570,61387,10175,2905,79168,2211,Saturday
571,Video 571,42924,3706,898,47439,1083,Saturday
572,Video 572,66600,8035,1767,89669,6110,Tuesday
573,Video 573,66025,9150,913,34476,2656,Monday
574,Video 574,27384,1576,715,30037,2088,Thursday
575,Video 575,63844,5963,2265,62090,4230,Friday
576,Video 576,19493,2401,498,16512,1233,Friday
577,Video 577,79691,7775,1908,75624,7412,Thursday
578,Video 578,79761,9777,3223,114182,6495,Thursday
579,Video 579,62164,9091,2052,31745,5593,Wednesday
580,Video 580,89295,6745,896,93186,4965,Sunday
581,Video 581,22524,4169,698,14715,588,Friday
582,Video 582,67647,12555,1625,36469,4824,Wednesday
583,Video 583,6813,1174,153,5649,391,Monday
584,Video 584,50334,4613,1621,38833,4753,Wednesday
585,Video 585,36717,6625,454,47078,1703,Tuesday
586,Video 586,41824,8187,738,15161,2747,Sunday
587,Video 587,64653,6603,870,60967,3270,Thursday
588,Video 588,97143,14443,3121,78482,8461,Sunday
589,Video 589,86173,4325,2114,121353,7222,Wednesday
590,Video 590,71017,7560,2637,72644,4679,Saturday
591,Video 591,817,58,12,326,29,Friday
592,Video 592,14546,1295,312,10409,510,Tuesday
593,Video 593,90012,17775,2261,93390,4240,Tuesday
594,Video 594,83083,5543,1477,70294,4533,Tuesday
595,Video 595,2657,187,116,1801,150,Saturday
596,Video 596,14488,2125,594,15915,414,Tuesday
597,Video 597,88904,5795,4015,111411,8358,Wednesday
598,Video 598,35386,2812,391,24500,1860,Wednesday
599,Video 599,96614,15680,4652,71474,2653,Monday
600,Video 600,63802,4557,1783,66893,2071,Wednesday
601,Video 601,83240,4397,1948,43423,2665,Thursday
602,Video 602,12737,808,625,17973,929,Monday
603,Video 603,17481,1127,376,18217,390,Saturday
604,Video 604,42622,6378,1594,58553,865,Sunday
605,Video 605,88261,11037,3099,43348,6099,Sunday
606,Video 606,8138,1328,88,5622,372,Tuesday
607,Video 607,57036,9048,884,68799,3197,Friday
608,Video 608,5616,966,85,2726,325,Sunday
609,Video 609,89356,13909,2620,84669,6277,Thursday
610,Video 610,11438,2276,201,8413,984,Thursday
611,Video 611,7762,1465,149,6522,449,Saturday
612,Video 612,2634,414,87,3073,230,Sunday
613,Video 613,27216,5107,1035,16921,1499,Thursday
614,Video 614,75678,8721,2301,51079,4194,Thursday
615,Video 615,78881,11058,1079,69637,4694,Tuesday
616,Video 616,95353,13904,4082,68551,5738,Wednesday
617,Video 617,39864,4619,1090,47328,2618,Monday
618,Video 618,91697,9693,3517,35232,3914,Saturday
619,Video 619,33065,4196,1321,34045,929,Saturday
620,Video 620,89884,12932,1915,59556,5763,Sunday
621,Video 621,54504,7395,645,20893,5325,Wednesday
622,Video 622,94600,8521,2472,135293,6595,Thursday
623,Video 623,9913,578,422,8815,480,Saturday
624,Video 624,71488,3903,1748,77003,3886,Thursday
625,Video 625,66958,11264,1256,57584,2945,Sunday
626,Video 626,3768,662,43,1521,102,Saturday
627,Video 627,53557,7730,1964,19162,5056,Saturday
628,Video 628,30648,4261,539,19491,3037,Tuesday
629,Video 629,52637,6668,1574,25819,4044,Sunday
630,Video 630,59725,3705,1249,36944,4051,Thursday
631,Video 631,77228,13480,3758,69356,6378,Tuesday
632,Video 632,54589,9380,852,54964,1381,Saturday
633,Video 633,57517,5302,1924,69458,3496,Thursday
634,Video 634,43998,3188,2053,26925,2561,Friday
635,Video 635,43393,5108,990,56801,4027,Friday
636,Video 636,63031,4245,3150,84459,3611,Monday
637,Video 637,46372,8224,2110,20202,1431,Saturday
638,Video 638,35984,6867,1043,38046,2998,Wednesday
639,Video 639,29272,1803,984,12548,2624,Friday
640,Video 640,99368,10125,4051,91903,2686,Wednesday
641,Video 641,15949,3106,295,20551,1029,Thursday
642,Video 642,21295,2092,610,22698,1303,Monday
643,Video 643,49224,6105,1666,48896,3559,Wednesday
644,Video 644,29463,2603,1040,36998,607,Sunday
645,Video 645,81907,9380,2707,24693,4919,Wednesday
646,Video 646,30572,4971,1242,34194,2643,Saturday
647,Video 647,95010,17287,999,82987,9121,Monday
648,Video 648,20761,1514,999,17722,1507,Sunday
649,Video 649,69001,5416,3228,99937,2249,Monday
650,Video 650,35315,5503,401,50046,2977,Friday
651,Video 651,93303,6797,1479,70601,3573,Thursday
652,Video 652,16561,2570,779,14825,1493,Friday
653,Video 653,80673,13044,875,26741,3167,Saturday
654,Video 654,3408,207,54,1430,321,Tuesday
655,Video 655,33990,5425,982,10581,1808,Tuesday
656,Video 656,7641,907,86,4611,185,Friday
657,Video 657,16057,2752,785,5456,1034,Tuesday
658,Video 658,94329,5162,4314,81652,6903,Sunday
659,Video 659,1573,212,70,1703,130,Thursday
660,Video 660,49658,5365,699,34539,1040,Friday
661,Video 661,20284,2148,309,10912,1574,Tuesday
662,Video 662,79456,9180,3368,113615,1595,Tuesday
663,Video 663,67045,5385,2091,85950,4593,Friday
664,Video 664,40591,2151,1415,53846,2335,Saturday
665,Video 665,85797,5835,1596,97679,2406,Saturday
666,Video 666,78580,12654,1261,58686,7691,Sunday
667,Video 667,61869,6543,2465,66528,5430,Wednesday
668,Video 668,69636,8134,1338,88389,2250,Monday
669,Video 669,28810,3203,1258,18223,1828,Monday
670,Video 670,77104,10427,1156,55519,5108,Tuesday
671,Video 671,58808,4789,1680,43959,3358,Friday
672,Video 672,70610,12010,1566,86430,4276,Thursday
673,Video 673,2974,237,76,3559,211,Friday
674,Video 674,89199,13324,983,50599,6826,Wednesday
675,Video 675,86177,10807,1005,116818,8292,Friday
676,Video 676,64939,6996,830,77090,2551,Monday
677,Video 677,67534,13302,2515,69637,4397,Friday
678,Video 678,48256,6047,2329,19407,3109,Friday
679,Video 679,60437,6740,2289,56755,3258,Friday
680,Video 680,98897,13472,4383,108743,6209,Saturday
681,Video 681,8394,619,357,10386,529,Saturday
682,Video 682,14819,2403,680,7062,1363,Wednesday
683,Video 683,69084,3877,2942,94629,2144,Sunday
684,Video 684,54529,10543,1622,38951,2476,Saturday
685,Video 685,20498,2095,529,17139,680,Monday
686,Video 686,57157,10506,1999,57563,1448,Sunday
687,Video 687,645,110,30,727,51,Tuesday
688,Video 688,56040,8443,1104,34596,5572,Friday
689,Video 689,17901,1006,873,8369,766,Tuesday
690,Video 690,81580,15141,987,56068,6321,Saturday
691,Video 691,39848,6029,1034,29156,2331,Wednesday
692,Video 692,79648,5052,803,99966,3249,Saturday
693,Video 693,75797,14593,3749,38297,2679,Wednesday
694,Video 694,62462,6832,2896,79610,2164,Wednesday
695,Video 695,79885,14803,2803,79446,3295,Friday
696,Video 696,4398,348,52,3694,213,Wednesday
697,Video 697,47147,2922,1178,66439,2158,Tuesday
698,Video 698,55460,3894,1765,79961,1550,Saturday
699,Video 699,30578,3696,310,39848,2332,Monday
700,Video 700,99414,16888,2676,50489,3631,Friday
701,Video 701,23166,1494,1150,30952,806,Friday
702,Video 702,20947,3177,443,30958,1959,Saturday
703,Video 703,28056,4538,928,10537,1266,Thursday
704,Video 704,81726,14241,1958,103404,6513,Friday
705,Video 705,40913,5411,1088,57845,1870,Wednesday
706,Video 706,80978,16099,1550,42642,3295,Monday
707,Video 707,28473,5658,766,15877,2234,Saturday
708,Video 708,90563,8099,3938,60631,8458,Wednesday
709,Video 709,21701,3655,758,15151,1688,Wednesday
710,Video 710,3145,350,73,3327,189,Thursday
711,Video 711,25305,4137,1246,13698,1551,Sunday
712,Video 712,42004,6849,1810,57556,2172,Saturday
713,Video 713,31736,2202,1124,30892,1817,Tuesday
714,Video 714,59236,5993,2247,17798,4131,Friday
715,Video 715,9799,822,147,9762,883,Saturday
716,Video 716,95472,15578,2644,38398,3258,Thursday
717,Video 717,50658,2794,1725,30914,1157,Sunday
718,Video 718,7730,863,246,9808,721,Friday
719,Video 719,20857,1072,392,27476,1110,Monday
720,Video 720,21896,2925,588,26005,1839,Thursday
721,Video 721,81425,6833,2089,33298,4177,Wednesday
722,Video 722,67852,6738,2759,41498,5719,Thursday
723,Video 723,13968,1183,674,13560,651,Monday
724,Video 724,95426,13889,1694,86805,2048,Saturday
725,Video 725,10998,910,221,11898,676,Sunday
726,Video 726,12310,1240,313,16750,932,Sunday
727,Video 727,11172,1287,329,16365,265,Sunday
728,Video 728,82801,8009,899,105910,3700,Thursday
729,Video 729,87597,14401,3193,123832,2813,Wednesday
730,Video 730,95559,5056,4191,104974,2690,Monday
731,Video 731,61784,9275,2178,43849,2634,Friday
732,Video 732,52382,2897,2252,17582,2943,Monday
733,Video 733,43524,4837,655,49739,3034,Sunday
734,Video 734,89298,12606,2035,74226,5934,Friday
735,Video 735,95425,14552,3701,88398,8488,Wednesday
736,Video 736,50051,4671,1980,37511,4593,Monday
737,Video 737,75380,10285,3555,28533,3135,Tuesday
738,Video 738,81454,14659,2680,100676,1976,Tuesday
739,Video 739,11147,1875,556,16568,619,Saturday
740,Video 740,39642,2653,1170,33301,2787,Saturday
741,Video 741,1087,140,43,838,85,Sunday
742,Video 742,77017,7921,2200,87887,3115,Wednesday
743,Video 743,35542,2811,1668,21245,1613,Saturday
744,Video 744,59759,3245,2571,51711,1441,Tuesday
745,Video 745,14912,2963,380,11492,1013,Sunday
746,Video 746,17717,3030,251,6504,1750,Saturday
747,Video 747,62911,6303,2553,41646,2781,Tuesday
748,Video 748,76929,6711,2964,29075,7554,Wednesday
749,Video 749,49161,2706,1072,53633,2940,Monday
750,Video 750,97562,5170,2785,71704,5752,Monday
751,Video 751,64956,7915,1390,25018,2719,Sunday
752,Video 752,44970,8915,758,39133,1497,Sunday
753,Video 753,30855,5314,396,17626,1802,Tuesday
754,Video 754,62151,11533,807,80950,4005,Thursday
755,Video 755,32285,1914,708,32384,2886,Sunday
756,Video 756,82059,5908,2474,87638,3580,Saturday
757,Video 757,80124,11671,3318,51683,2890,Tuesday
758,Video 758,31305,2577,1454,15403,1008,Sunday
759,Video 759,5409,472,174,6530,293,Saturday
760,Video 760,8054,928,283,9933,334,Monday
761,Video 761,79330,13658,2929,45954,2817,Friday
762,Video 762,30711,4090,993,26773,2562,Saturday
763,Video 763,67234,6049,831,57704,4110,Thursday
764,Video 764,17520,2423,812,24754,1114,Tuesday
765,Video 765,12266,674,521,16063,247,Monday
766,Video 766,53802,4882,2501,21300,5325,Monday
767,Video 767,51010,9443,988,42673,2018,Monday
768,Video 768,66439,9018,3052,53888,5780,Sunday
769,Video 769,69733,5933,1128,63605,6313,Tuesday
770,Video 770,96210,10393,4269,105300,5727,Wednesday
771,Video 771,24280,3132,997,23312,2106,Thursday
772,Video 772,22242,3499,976,8536,967,Sunday
773,Video 773,80044,9243,3695,59518,7173,Saturday
774,Video 774,19996,3704,828,8102,687,Friday
775,Video 775,21242,3864,315,19797,733,Friday
776,Video 776,97963,7385,1323,111573,5990,Thursday
777,Video 777,1262,235,25,1698,47,Thursday
778,Video 778,88096,7162,1851,33526,3107,Tuesday
779,Video 779,91429,10687,954,126190,5722,Friday
780,Video 780,64763,11240,997,57999,4097,Tuesday
781,Video 781,30753,3486,449,17303,2703,Monday
782,Video 782,60127,12003,713,32883,2223,Saturday
783,Video 783,59035,3645,1503,35026,5883,Sunday
784,Video 784,78517,4139,2863,63895,5047,Sunday
785,Video 785,94758,14453,1301,122996,8976,Tuesday
786,Video 786,7003,622,105,4886,607,Monday
787,Video 787,43844,2206,2015,62691,3456,Sunday
788,Video 788,24567,2986,977,11552,2087,Sunday
789,Video 789,79780,14896,962,105516,3988,Sunday
790,Video 790,94602,9828,1994,40352,2812,Thursday
791,Video 791,99187,9274,1366,120993,6990,Thursday
792,Video 792,46199,5361,1657,26694,2477,Tuesday
793,Video 793,94874,15182,4447,115197,5467,Sunday
794,Video 794,42327,7027,1990,43845,1529,Friday
795,Video 795,5778,390,69,3930,521,Tuesday
796,Video 796,53042,9586,615,73409,2248,Sunday
797,Video 797,31696,5604,1561,28846,1071,Tuesday
798,Video 798,64870,11269,731,76009,2252,Monday
799,Video 799,37230,6743,469,32889,776,Wednesday
800,Video 800,49627,9862,1829,59544,3478,Tuesday
801,Video 801,48125,6780,1889,70981,3899,Thursday
802,Video 802,98370,13211,3867,90838,3710,Wednesday
803,Video 803,82000,7254,3971,102873,5682,Friday
804,Video 804,11440,1326,149,11529,348,Sunday
805,Video 805,47464,8000,2292,53351,4086,Friday
806,Video 806,88086,10804,3963,34233,5508,Thursday
807,Video 807,99964,12952,1455,119307,8385,Thursday
808,Video 808,66392,3920,1819,45502,5994,Wednesday
809,Video 809,32852,5033,1371,27592,2202,Saturday
810,Video 810,79734,5571,2469,50845,5823,Monday
811,Video 811,36191,6803,976,18066,982,Friday
812,Video 812,24151,3553,824,17080,819,Monday
813,Video 813,48012,4436,1571,20848,4792,Tuesday
814,Video 814,37654,5787,748,31914,3557,Thursday
815,Video 815,47011,6282,564,14601,3964,Friday
816,Video 816,23091,1521,807,34598,2098,Friday
817,Video 817,35845,5731,1547,14127,1408,Wednesday
818,Video 818,42809,4568,618,33755,1186,Saturday
819,Video 819,40955,5505,1877,27188,1168,Wednesday
820,Video 820,22816,3899,504,8111,1218,Thursday
821,Video 821,29428,3440,1005,14098,1819,Wednesday
822,Video 822,26696,2401,474,25790,822,Friday
823,Video 823,85995,8606,881,73188,6590,Friday
824,Video 824,51283,5375,2197,21902,3753,Monday
825,Video 825,19019,3050,858,27902,1474,Sunday
826,Video 826,24147,2995,821,12898,2005,Friday
827,Video 827,39030,5634,438,28445,3084,Monday
828,Video 828,53199,6765,1834,79312,4000,Saturday
829,Video 829,10453,1568,107,3637,988,Tuesday
830,Video 830,34684,1921,586,24763,1255,Tuesday
831,Video 831,23155,3317,234,15981,816,Friday
832,Video 832,70720,11299,1301,57996,5614,Sunday
833,Video 833,87762,9756,1543,49410,7484,Tuesday
834,Video 834,5019,517,101,3399,245,Thursday
835,Video 835,91675,7474,1894,85856,8696,Wednesday
836,Video 836,95633,6011,2223,30040,8471,Wednesday
837,Video 837,97723,19129,4003,79877,3574,Saturday
838,Video 838,41233,3462,841,15900,3431,Tuesday
839,Video 839,15166,1565,555,4856,1104,Friday
840,Video 840,67327,8607,2903,71906,3712,Sunday
841,Video 841,50721,7034,1352,65094,4545,Tuesday
842,Video 842,85544,10736,2536,92973,6125,Tuesday
843,Video 843,96968,15877,1379,102151,2966,Wednesday
844,Video 844,58848,7273,1755,63697,1651,Thursday
845,Video 845,91970,7707,1627,124041,6628,Saturday
846,Video 846,5455,852,123,3946,507,Wednesday
847,Video 847,52084,5406,629,45036,4636,Tuesday
848,Video 848,97583,13401,1799,123455,8484,Thursday
849,Video 849,157,21,4,83,6,Saturday
850,Video 850,46510,4328,848,62871,3926,Tuesday
851,Video 851,4488,858,65,3973,423,Monday
852,Video 852,3993,474,45,5171,169,Wednesday
853,Video 853,49449,5504,1336,38097,1723,Friday
854,Video 854,41133,7951,1784,22117,2953,Sunday
855,Video 855,94979,4805,2020,99448,5186,Sunday
856,Video 856,2941,461,57,4057,59,Thursday
857,Video 857,61395,8721,1890,91798,4360,Wednesday
858,Video 858,33246,2728,1353,42228,2821,Sunday
859,Video 859,29490,4852,932,28762,1839,Thursday
860,Video 860,25786,4674,713,9439,2004,Sunday
861,Video 861,31337,2618,1324,38334,2892,Wednesday
862,Video 862,92949,13919,1590,31604,5856,Monday
863,Video 863,8040,620,193,11804,560,Sunday
864,Video 864,69997,4167,3116,63179,1928,Sunday
865,Video 865,20860,3727,911,25820,1789,Wednesday
866,Video 866,35474,2349,1584,19652,3482,Tuesday
867,Video 867,77036,8695,3027,45137,5915,Monday
868,Video 868,71872,7344,1045,53105,4047,Wednesday
869,Video 869,43661,6902,1403,45742,2498,Tuesday
870,Video 870,44618,2376,1611,56783,2870,Friday
871,Video 871,42548,3623,1536,62729,2196,Thursday
872,Video 872,25399,1839,1107,21029,1659,Thursday
873,Video 873,94757,10752,4171,61519,2543,Friday
874,Video 874,48763,5169,1832,61035,4606,Thursday
875,Video 875,90852,5594,3193,72346,5911,Friday
876,Video 876,71880,7413,2528,106832,2504,Wednesday
877,Video 877,32681,4444,1113,31588,1276,Tuesday
878,Video 878,11988,1373,306,8755,300,Tuesday
879,Video 879,46252,7199,1347,31403,1401,Friday
880,Video 880,91867,16471,2594,78384,7459,Saturday
881,Video 881,58685,10899,2665,68276,2921,Wednesday
882,Video 882,72331,7668,3263,34473,5121,Friday
883,Video 883,84040,6937,1627,107334,1989,Thursday
884,Video 884,67370,3674,1178,46043,5921,Friday
885,Video 885,64975,8021,955,76945,4910,Saturday
886,Video 886,8875,1672,117,11026,699,Tuesday
887,Video 887,52963,9286,622,50998,1616,Wednesday
888,Video 888,43394,4774,966,33135,2246,Saturday
889,Video 889,4874,880,158,5258,119,Friday
890,Video 890,64635,7972,839,73430,1457,Tuesday
891,Video 891,64834,12133,2273,32414,4685,Monday
892,Video 892,54584,9904,2403,59237,2851,Friday
893,Video 893,45591,2511,1846,15065,930,Monday
894,Video 894,93529,8427,2331,60314,4449,Sunday
895,Video 895,95130,7208,1994,127119,9284,Thursday
896,Video 896,76389,12886,2468,54781,4274,Monday
897,Video 897,77455,12886,2239,105362,5675,Saturday
898,Video 898,44797,5396,914,38036,3566,Wednesday
899,Video 899,37683,4400,1210,21260,1854,Monday
900,Video 900,86144,4453,1693,116699,5410,Saturday
901,Video 901,31074,2164,1456,20133,1078,Saturday
902,Video 902,35226,4442,681,21485,2772,Monday
903,Video 903,73501,4213,2203,94002,7341,Tuesday
904,Video 904,33481,5971,1192,42635,2909,Sunday
905,Video 905,35192,6086,766,34715,1340,Wednesday
906,Video 906,15818,2728,546,11964,787,Tuesday
907,Video 907,22238,1743,370,20558,2218,Wednesday
908,Video 908,86705,6422,1787,35138,4933,Saturday
909,Video 909,61827,7479,3048,44953,5316,Tuesday
910,Video 910,69142,12986,960,22234,1760,Saturday
911,Video 911,31178,1627,1257,32927,2517,Sunday
912,Video 912,21357,3377,246,25723,723,Monday
913,Video 913,42713,6063,1545,54120,2798,Monday
914,Video 914,63699,4416,671,30589,1808,Wednesday
915,Video 915,5713,658,221,4307,136,Friday
916,Video 916,1856,213,63,2371,48,Thursday
917,Video 917,32423,4309,1338,40335,1408,Thursday
918,Video 918,47668,6437,874,42334,2096,Tuesday
919,Video 919,7225,401,316,7432,398,Monday
920,Video 920,72276,12101,1124,78346,4210,Saturday
921,Video 921,83361,8654,2305,37691,2938,Thursday
922,Video 922,47737,6822,742,15027,3942,Friday
923,Video 923,97817,7791,1256,56236,7505,Monday
924,Video 924,90566,8815,3200,110530,3375,Friday
925,Video 925,7087,760,222,10101,489,Monday
926,Video 926,92306,7724,3357,136171,2746,Saturday
927,Video 927,49109,6636,564,22338,1621,Monday
928,Video 928,85227,16517,2002,66396,5096,Saturday
929,Video 929,35066,2591,351,14968,2002,Saturday
930,Video 930,52407,9233,664,69675,3319,Saturday
931,Video 931,88578,14476,1515,70663,3909,Wednesday
932,Video 932,27431,5013,856,35788,1548,Saturday
933,Video 933,90905,17938,2088,77671,2870,Friday
934,Video 934,57758,2972,1828,63427,4892,Wednesday
935,Video 935,39395,4447,995,42858,3450,Saturday
936,Video 936,24596,3466,1190,34571,1941,Tuesday
937,Video 937,48191,7541,897,71074,4099,Friday
938,Video 938,19379,1016,322,26138,975,Monday
939,Video 939,62945,10436,1019,22382,5042,Thursday
940,Video 940,1573,255,35,2008,88,Thursday
941,Video 941,88916,10885,3963,48234,8137,Friday
942,Video 942,26506,1454,1266,17901,2115,Wednesday
943,Video 943,91524,15723,3847,43363,4829,Thursday
944,Video 944,4943,683,141,5837,267,Monday
945,Video 945,61867,7691,1381,79442,4058,Wednesday
946,Video 946,68155,11075,2301,33453,4408,Saturday
947,Video 947,59107,4564,1398,19936,5107,Sunday
948,Video 948,65935,7871,2148,68572,4775,Wednesday
949,Video 949,79641,12384,1006,105029,6641,Sunday
950,Video 950,6583,871,284,4420,377,Friday
951,Video 951,31720,5182,1203,41824,682,Tuesday
952,Video 952,15923,1096,269,12089,431,Tuesday
953,Video 953,58495,7193,655,24004,3495,Thursday
954,Video 954,28303,2976,1213,33762,688,Saturday
955,Video 955,6181,1118,234,4691,277,Sunday
956,Video 956,18935,1033,348,22960,1258,Monday
957,Video 957,44390,8835,698,54798,1731,Friday
958,Video 958,33979,5246,1585,16795,2931,Wednesday
959,Video 959,24549,1814,1061,30990,1073,Thursday
960,Video 960,15029,1708,640,8319,1186,Saturday
961,Video 961,22754,1831,499,31815,1022,Saturday
962,Video 962,99092,10320,1071,114915,6860,Tuesday
963,Video 963,72579,10171,3068,53667,7244,Sunday
964,Video 964,88942,4503,1066,27093,4769,Thursday
965,Video 965,99433,16412,3441,112316,7018,Thursday
966,Video 966,19928,2524,429,11276,910,Friday
967,Video 967,51515,2660,2242,24471,1399,Sunday
968,Video 968,23450,2958,470,33890,1807,Friday
969,Video 969,44334,5740,492,54651,2599,Tuesday
970,Video 970,54173,3238,2144,35069,5295,Tuesday
971,Video 971,7247,1183,356,10629,160,Wednesday
972,Video 972,31042,5233,1346,34439,2552,Wednesday
973,Video 973,96245,9625,2505,40663,7939,Sunday
974,Video 974,22013,1899,707,31129,1621,Thursday
975,Video 975,39914,6885,1209,36125,2159,Monday
976,Video 976,15822,930,535,20999,560,Thursday
977,Video 977,97777,10899,3061,74605,3998,Tuesday
978,Video 978,52380,2902,2146,40080,2052,Monday
979,Video 979,92148,14718,4303,112711,6575,Sunday
980,Video 980,28547,2389,928,29037,2551,Monday
981,Video 981,58008,5237,1316,73494,2694,Monday
982,Video 982,61410,6948,1759,36343,5428,Thursday
983,Video 983,45688,8071,563,28405,1747,Thursday
984,Video 984,67500,11864,1771,36587,5256,Monday
985,Video 985,87943,13833,2538,70636,2662,Saturday
986,Video 986,48913,8257,1960,16021,4263,Saturday
987,Video 987,87262,9758,3616,127050,8145,Friday
988,Video 988,78130,14157,2720,56964,5688,Thursday
989,Video 989,90190,12298,2095,60719,5833,Saturday
990,Video 990,51336,3543,783,50192,1800,Sunday
991,Video 991,65134,5494,2028,43446,4133,Thursday
992,Video 992,33689,4110,354,20918,3032,Saturday
993,Video 993,27802,2929,1222,24328,1835,Saturday
994,Video 994,47809,6058,540,29802,1239,Monday
995,Video 995,99447,9903,1771,107591,5249,Tuesday
996,Video 996,77186,12758,2049,62040,4006,Saturday
997,Video 997,12762,2373,377,13505,1060,Monday
998,Video 998,91525,8524,1029,100655,5271,Monday
999,Video 999,71428,8996,2564,26086,2943,Thursday
1000,Video 1000,62348,8289,752,28976,4709,Sunday
